kdimitriev0,Kenon,Dimitriev,kdimitriev0@japanpost.jp,2SIl9182Ol
hbygreaves1,Hasty,Bygreaves,hbygreaves1@sina.com.cn,r0dQLRzH2s
fsimper2,Fidole,Simper,fsimper2@yahoo.com,djohjl
ksutlieff3,Kaile,Sutlieff,ksutlieff3@ftc.gov,XgGYpjIcSq
ckittman4,Carey,Kittman,ckittman4@examiner.com,WnBVKQ
ngossling5,Nahum,Gossling,ngossling5@g.co,FMlS63ZSrdgQ
mhegel6,Mil,Hegel,mhegel6@tamu.edu,BNnTrNIL
tbeniesh7,Thom,Beniesh,tbeniesh7@skyrock.com,MGJ0AGUVUxry
gkubicki8,Gabbey,Kubicki,gkubicki8@samsung.com,cz4F5gehA
mgiraudat9,Martica,Giraudat,mgiraudat9@scribd.com,Dwgy8wV
mgreensteda,Mal,Greensted,mgreensteda@constantcontact.com,GlybDmlQN
colmanb,Cointon,Olman,colmanb@engadget.com,1NYyOJixmZ
ameadwayc,Allix,Meadway,ameadwayc@imageshack.us,E25tYFfy0
sbridgstockd,Stillman,Bridgstock,sbridgstockd@whitehouse.gov,aFjCXw
alinckee,Adrianne,Lincke,alinckee@domainmarket.com,4nbqzw
gferreresf,Glyn,Ferreres,gferreresf@blinklist.com,oToOSI
ftamesg,Fairfax,Tames,ftamesg@mail.ru,3JDd8fTcA
ayouleh,Amil,Youle,ayouleh@fotki.com,vpwDFnFzKxYv
ctebbiti,Cassius,Tebbit,ctebbiti@linkedin.com,hPM7yMH7pU
mrubraj,Mayne,Rubra,mrubraj@sciencedirect.com,CNzNDi1B5KZj
